{
    "input_sentences": 2999,
    "input_words": 53944,
    "output_words": 56863,
    "translate_duration": 1232.3020920981653,
    "bleu": 40.197583457374904,
    "chrf": 0.6484904462771995,
    "peak_memory": 403591168
}