{
    "input_sentences": 2000,
    "input_words": 31097,
    "output_words": 33777,
    "translate_duration": 776.9550056729931,
    "bleu": 39.75389460631671,
    "chrf": 0.6397432305953742,
    "peak_memory": 403890176
}