{
    "input_sentences": 4980,
    "input_words": 29142,
    "output_words": 28238,
    "translate_duration": 312.83305265102535,
    "bleu": 57.88663826213067,
    "chrf": 0.7507284169662648,
    "peak_memory": 89559040
}